{
  "sample_count": 2757,
  "brier_score": 0.04601508448848481,
  "expected_calibration_error": 0.026596786147914404,
  "maximum_calibration_error": 0.21189304130434783,
  "mean_score": 0.4815246726694958,
  "observed_positive_rate": 0.48784911135291986,
  "input": "D:\\Projects\\AI in Healtchare\\malaria-ai-xai-diagnostic-tool\\reports\\evaluation\\test_predictions.csv",
  "bins": 10
}